fecha,titular,url_archivo
20240110,"RUIN: Money, Ego and Deception at FTX",https://web.archive.org/web/20240111000550/https://www.bloomberg.com/europe
20240110,Also streaming on your TV:,https://web.archive.org/web/20240111000550/https://www.bloomberg.com/europe
20240110,Ex-Credit Suisse Star Trader Lemssouguer’s Hedge Fund Soars 32%,https://web.archive.org/web/20240111000550/https://www.bloomberg.com/europe
20240110,Meloni Pushes Hungary’s Orban to Unlock Ukraine Aid in Back-Channel Talks,https://web.archive.org/web/20240111000550/https://www.bloomberg.com/europe
20240118,Also streaming on your TV:,https://web.archive.org/web/20240118235629/https://www.bloomberg.com/europe
20240118,Grifols Shareholder Scranton Is Questioned by Spanish Regulators,https://web.archive.org/web/20240118235629/https://www.bloomberg.com/europe
20240118,Dutch King Risks Losing Half His Pay From Tax Proposal,https://web.archive.org/web/20240118235629/https://www.bloomberg.com/europe
20240120,Also streaming on your TV:,https://web.archive.org/web/20240120235109/https://www.bloomberg.com/europe
20240124,"RUIN: Money, Ego and Deception at FTX",https://web.archive.org/web/20240125000551/https://www.bloomberg.com/europe
20240124,Also streaming on your TV:,https://web.archive.org/web/20240125000551/https://www.bloomberg.com/europe
20240124,Trade Turmoil Sparks Supply Snarls in Europe’s Biggest Economies,https://web.archive.org/web/20240125000551/https://www.bloomberg.com/europe
20240124,Tesla Flags ‘Notably Lower’ Growth as It Builds Low-Cost Car,https://web.archive.org/web/20240125000551/https://www.bloomberg.com/europe
20240125,Also streaming on your TV:,https://web.archive.org/web/20240126000016/https://www.bloomberg.com/europe
20240125,LVMH Sales Prove Resilient Amid Broader Luxury Slowdown,https://web.archive.org/web/20240126000016/https://www.bloomberg.com/europe
20240125,France’s Le Pen Questions Ties to German AfD Over Extremist Plan,https://web.archive.org/web/20240126000016/https://www.bloomberg.com/europe
20240128,Also streaming on your TV:,https://web.archive.org/web/20240129000433/https://www.bloomberg.com/europe
20240128,Daniel Moss and Gearoid Reidy| Columnist,https://web.archive.org/web/20240129000433/https://www.bloomberg.com/europe
20240128,Ukraine Foils $40 Million Artillery Shell Embezzlement Scam,https://web.archive.org/web/20240129000433/https://www.bloomberg.com/europe
20240128,"Immigration Key to Dutch Economic Success, Central Banker Says",https://web.archive.org/web/20240129000433/https://www.bloomberg.com/europe
20240128,France Scrambles to Head Off Farmer Blockade of Paris,https://web.archive.org/web/20240129000433/https://www.bloomberg.com/europe
20240128,Machu Picchu Railway Worker Protest Strands Hundreds of Tourists,https://web.archive.org/web/20240129000433/https://www.bloomberg.com/europe
20240128,Warning to Exiled Putin Critics as Rockers Face Deportation From Thailand,https://web.archive.org/web/20240129000433/https://www.bloomberg.com/europe
20240202,"RUIN: Money, Ego and Deception at FTX",https://web.archive.org/web/20240202235214/https://www.bloomberg.com/europe
20240202,Also streaming on your TV:,https://web.archive.org/web/20240202235214/https://www.bloomberg.com/europe
20240203,Bloomberg New Economy Forum: Embracing Instability,https://web.archive.org/web/20240204000528/https://www.bloomberg.com/europe
20240203,Also streaming on your TV:,https://web.archive.org/web/20240204000528/https://www.bloomberg.com/europe
20240204,Also streaming on your TV:,https://web.archive.org/web/20240205000526/https://www.bloomberg.com/europe
20240204,"World Cup 2026 Final Goes to NYC in Victory Over Dallas, LA",https://web.archive.org/web/20240205000526/https://www.bloomberg.com/europe
20240204,Turkey Signals Preference to Retain Russian S-400s in F-35 Row,https://web.archive.org/web/20240205000526/https://www.bloomberg.com/europe
20240205,Also streaming on your TV:,https://web.archive.org/web/20240206000854/https://www.bloomberg.com/europe
20240205,Novartis to Buy Morphosys for €2.7 Billion to Gain Cancer Drugs,https://web.archive.org/web/20240206000854/https://www.bloomberg.com/europe
20240205,Europe’s Biggest Software Company Stops Offering Teslas to Employees,https://web.archive.org/web/20240206000854/https://www.bloomberg.com/europe
20240212,Also streaming on your TV:,https://web.archive.org/web/20240212235007/https://www.bloomberg.com/europe
20240212,"Blackstone to Merge Warehouse Landlords, Create UK Giant",https://web.archive.org/web/20240212235007/https://www.bloomberg.com/europe
20240212,Biden Pushes for Six-Week Fighting Pause in Israel-Hamas Hostage Deal,https://web.archive.org/web/20240212235007/https://www.bloomberg.com/europe
20240214,An Optimist's Guide to the Planet,https://web.archive.org/web/20240215000355/https://www.bloomberg.com/europe
20240214,Also streaming on your TV:,https://web.archive.org/web/20240215000355/https://www.bloomberg.com/europe
20240214,The Brutal Reality of Plunging Office Values Is Here,https://web.archive.org/web/20240215000355/https://www.bloomberg.com/europe
20240214,Ex-Credit Suisse Bankers Are Shaking Up the $1.3 Trillion CLO Market,https://web.archive.org/web/20240215000355/https://www.bloomberg.com/europe
20240215,Also streaming on your TV:,https://web.archive.org/web/20240216000428/https://www.bloomberg.com/europe
20240215,Temenos Sheds $2 Billion as Hindenburg Finds Latest Short Target,https://web.archive.org/web/20240216000428/https://www.bloomberg.com/europe
20240215,Santander Raises Dealmaker Bonuses by About 10% on Record Profit,https://web.archive.org/web/20240216000428/https://www.bloomberg.com/europe
20240216,"RUIN: Money, Ego and Deception at FTX",https://web.archive.org/web/20240216235401/https://www.bloomberg.com/europe
20240216,Also streaming on your TV:,https://web.archive.org/web/20240216235401/https://www.bloomberg.com/europe
20240218,Also streaming on your TV:,https://web.archive.org/web/20240218235752/https://www.bloomberg.com/europe
20240218,Apple Set to Face Near €500 Million EU Fine in Spotify Row,https://web.archive.org/web/20240218235752/https://www.bloomberg.com/europe
20240218,Global Factory Check-Up Is About to Reveal Extent of Nascent Recovery,https://web.archive.org/web/20240218235752/https://www.bloomberg.com/europe
20240220,Also streaming on your TV:,https://web.archive.org/web/20240221000456/https://www.bloomberg.com/europe
20240220,Grifols Drops 7% After Short Seller Gotham Raises Questions,https://web.archive.org/web/20240221000456/https://www.bloomberg.com/europe
20240220,Barclays CEO Looks to Placate Investors With Strategy Tweaks,https://web.archive.org/web/20240221000456/https://www.bloomberg.com/europe
20240221,An Optimist's Guide to the Planet,https://web.archive.org/web/20240221235708/https://www.bloomberg.com/europe
20240221,Also streaming on your TV:,https://web.archive.org/web/20240221235708/https://www.bloomberg.com/europe
20240221,Tim Culpan and Ruth Pollard| Columnist,https://web.archive.org/web/20240221235708/https://www.bloomberg.com/europe
20240221,She Was Set to Break Goldman’s Glass Ceiling. Now Beth Hammack Is Leaving,https://web.archive.org/web/20240221235708/https://www.bloomberg.com/europe
20240221,Fed Minutes Suggest Officials Are Seeking Smallest Balance Sheet Possible,https://web.archive.org/web/20240221235708/https://www.bloomberg.com/europe
20240222,Also streaming on your TV:,https://web.archive.org/web/20240222235701/https://www.bloomberg.com/europe
20240222,Euro Zone Overcomes German Factory Slump as Downturn Eases,https://web.archive.org/web/20240222235701/https://www.bloomberg.com/europe
20240222,Romania Throws Wrench in Push to Make Rutte Next NATO Chief,https://web.archive.org/web/20240222235701/https://www.bloomberg.com/europe
20240223,Also streaming on your TV:,https://web.archive.org/web/20240223235807/https://www.bloomberg.com/europe
20240224,Also streaming on your TV:,https://web.archive.org/web/20240224235700/https://www.bloomberg.com/europe
20240225,Also streaming on your TV:,https://web.archive.org/web/20240226001200/https://www.bloomberg.com/europe
20240225,Norwegian Cruise Ship Halted at Mauritius Due to Outbreak,https://web.archive.org/web/20240226001200/https://www.bloomberg.com/europe
20240225,"Apple Ponders Whether to Develop Smart Glasses, Fitness Ring",https://web.archive.org/web/20240226001200/https://www.bloomberg.com/europe
20240225,"Uniqlo’s Sister Brand GU Aiming to Take On Markets in US, Europe",https://web.archive.org/web/20240226001200/https://www.bloomberg.com/europe
20240225,Bolsonaro Rallies Supporters in Brazil Amid Police Probes,https://web.archive.org/web/20240226001200/https://www.bloomberg.com/europe
20240225,"Qatar Is Betting Big on LNG and Says Other Nations Should, Too",https://web.archive.org/web/20240226001200/https://www.bloomberg.com/europe
20240608,"OpenAI E1, Most Silicon Valley Man Alive",https://web.archive.org/web/20240611031800/https://www.bloomberg.com/europe
20240608,"OpenAI E1, Most Silicon Valley Man Alive",https://web.archive.org/web/20240611031800/https://www.bloomberg.com/europe
20240610,"OpenAI E1, Most Silicon Valley Man Alive",https://web.archive.org/web/20240611031800/https://www.bloomberg.com/europe
20240610,"OpenAI E1, Most Silicon Valley Man Alive",https://web.archive.org/web/20240611031800/https://www.bloomberg.com/europe
20240615,"OpenAI E2, Ilya Dreams of AGI",https://web.archive.org/web/20240616024458/https://www.bloomberg.com/europe
20240615,"OpenAI E2, Ilya Dreams of AGI",https://web.archive.org/web/20240616024458/https://www.bloomberg.com/europe
20240620,"OpenAI E2, Ilya Dreams of AGI",https://web.archive.org/web/20240620142503/https://www.bloomberg.com/europe
20240620,"OpenAI E2, Ilya Dreams of AGI",https://web.archive.org/web/20240620142503/https://www.bloomberg.com/europe
20240621,"OpenAI E3, Heaven and Hell, Part 1",https://web.archive.org/web/20240622120300/https://www.bloomberg.com/europe
20240621,"OpenAI E3, Heaven and Hell, Part 1",https://web.archive.org/web/20240622120300/https://www.bloomberg.com/europe
20240622,"OpenAI E3, Heaven and Hell, Part 1",https://web.archive.org/web/20240622235927/https://www.bloomberg.com/europe
20240622,"OpenAI E3, Heaven and Hell, Part 1",https://web.archive.org/web/20240622235927/https://www.bloomberg.com/europe
20240625,"OpenAI E3, Heaven and Hell, Part 1",https://web.archive.org/web/20240626112717/https://www.bloomberg.com/europe
20240625,"OpenAI E3, Heaven and Hell, Part 1",https://web.archive.org/web/20240626112717/https://www.bloomberg.com/europe
20240626,"OpenAI E3, Heaven and Hell, Part 1",https://web.archive.org/web/20240627035714/https://www.bloomberg.com/europe
20240626,"OpenAI E3, Heaven and Hell, Part 1",https://web.archive.org/web/20240627035714/https://www.bloomberg.com/europe
20240627,"OpenAI E3, Heaven and Hell, Part 1",https://web.archive.org/web/20240628001939/https://www.bloomberg.com/europe
20240627,"OpenAI E3, Heaven and Hell, Part 1",https://web.archive.org/web/20240628001939/https://www.bloomberg.com/europe
20240628,"OpenAI E3, Heaven and Hell, Part 1",https://web.archive.org/web/20240628214218/https://www.bloomberg.com/europe
20240628,"OpenAI E3, Heaven and Hell, Part 1",https://web.archive.org/web/20240628214218/https://www.bloomberg.com/europe
20240701,"Foundering: OpenAI E4, Heaven and Hell, Part 2 (Podcasts)",https://web.archive.org/web/20240702000153/https://www.bloomberg.com/europe
20240701,"Foundering: OpenAI E4, Heaven and Hell, Part 2 (Podcasts)",https://web.archive.org/web/20240702000153/https://www.bloomberg.com/europe
20240702,"Foundering: OpenAI E4, Heaven and Hell, Part 2 (Podcasts)",https://web.archive.org/web/20240702190714/https://www.bloomberg.com/europe
20240702,"Foundering: OpenAI E4, Heaven and Hell, Part 2 (Podcasts)",https://web.archive.org/web/20240702190714/https://www.bloomberg.com/europe
20240703,"Foundering: OpenAI E4, Heaven and Hell, Part 2 (Podcasts)",https://web.archive.org/web/20240704035855/https://www.bloomberg.com/europe
20240703,"Foundering: OpenAI E4, Heaven and Hell, Part 2 (Podcasts)",https://web.archive.org/web/20240704035855/https://www.bloomberg.com/europe
20240709,"Foundering: OpenAI E4, Heaven and Hell, Part 2 (Podcasts)",https://web.archive.org/web/20240708111940/https://www.bloomberg.com/europe
20240709,"Foundering: OpenAI E4, Heaven and Hell, Part 2 (Podcasts)",https://web.archive.org/web/20240708111940/https://www.bloomberg.com/europe
20240710,"OpenAI E5, Beware the Ides of November",https://web.archive.org/web/20240711131559/https://www.bloomberg.com/europe
20240710,"OpenAI E5, Beware the Ides of November",https://web.archive.org/web/20240711131559/https://www.bloomberg.com/europe
20240929,"Listen to the latest:Russia Bombs Medical Clinic, Iranian General Killed, More",https://web.archive.org/web/20240929112111/https://www.bloomberg.com/europe
20241004,Inside the Dock Workers’ Strike Deal,https://web.archive.org/web/20241005163754/https://www.bloomberg.com/europe
20241004,"Listen to the latest:Ukraine's Victory Plan, U.S. Attacks Houthi Rebels, More",https://web.archive.org/web/20241005163754/https://www.bloomberg.com/europe
20241004,Inside the Dock Workers’ Strike Deal,https://web.archive.org/web/20241005163754/https://www.bloomberg.com/europe
20241006,Inside the Dock Workers’ Strike Deal,https://web.archive.org/web/20241005163754/https://www.bloomberg.com/europe
20241006,"Listen to the latest:Ukraine's Victory Plan, U.S. Attacks Houthi Rebels, More",https://web.archive.org/web/20241005163754/https://www.bloomberg.com/europe
20241006,Inside the Dock Workers’ Strike Deal,https://web.archive.org/web/20241005163754/https://www.bloomberg.com/europe
20241007,Perrier Faces Scrutiny After Contamination,https://web.archive.org/web/20241009223426/https://www.bloomberg.com/europe
20241007,"Listen to the latest:Milton Projected Storm Of The Century,  Biden Netanyahu Talk",https://web.archive.org/web/20241009223426/https://www.bloomberg.com/europe
20241007,Perrier Faces Scrutiny After Contamination,https://web.archive.org/web/20241009223426/https://www.bloomberg.com/europe
20241009,Perrier Faces Scrutiny After Contamination,https://web.archive.org/web/20241009223426/https://www.bloomberg.com/europe
20241009,"Listen to the latest:Milton Projected Storm Of The Century,  Biden Netanyahu Talk",https://web.archive.org/web/20241009223426/https://www.bloomberg.com/europe
20241009,Perrier Faces Scrutiny After Contamination,https://web.archive.org/web/20241009223426/https://www.bloomberg.com/europe
20241012,"Uber, Lyft ‘Lockouts’ Cost Drivers Millions",https://web.archive.org/web/20241013184558/https://www.bloomberg.com/europe
20241012,"Listen to the latest:Israel to Get THAAD and Troops, SpaceX, Inflation, More",https://web.archive.org/web/20241013184558/https://www.bloomberg.com/europe
20241012,"Uber, Lyft ‘Lockouts’ Cost Drivers Millions",https://web.archive.org/web/20241013184558/https://www.bloomberg.com/europe
20241013,"Uber, Lyft ‘Lockouts’ Cost Drivers Millions",https://web.archive.org/web/20241013184558/https://www.bloomberg.com/europe
20241013,"Listen to the latest:Israel to Get THAAD and Troops, SpaceX, Inflation, More",https://web.archive.org/web/20241013184558/https://www.bloomberg.com/europe
20241013,"Uber, Lyft ‘Lockouts’ Cost Drivers Millions",https://web.archive.org/web/20241013184558/https://www.bloomberg.com/europe
20241014,Insurers Struggle With Stronger Storms,https://web.archive.org/web/20241015094015/https://www.bloomberg.com/europe
20241014,"Listen to the latest:US Considers Chip Cap, Bank Earnings on Tap, More",https://web.archive.org/web/20241015094015/https://www.bloomberg.com/europe
20241014,Insurers Struggle With Stronger Storms,https://web.archive.org/web/20241015094015/https://www.bloomberg.com/europe
20241015,The Vietnamese Tycoon on Death Row,https://web.archive.org/web/20241016010359/https://www.bloomberg.com/europe
20241015,"Listen to the latest:Trump’s Tariff Economy, US Humanitarian Aid Warning Israel",https://web.archive.org/web/20241016010359/https://www.bloomberg.com/europe
20241015,The Vietnamese Tycoon on Death Row,https://web.archive.org/web/20241016010359/https://www.bloomberg.com/europe
20241017,The Vietnamese Tycoon on Death Row,https://web.archive.org/web/20241016010359/https://www.bloomberg.com/europe
20241017,"Listen to the latest:Trump’s Tariff Economy, US Humanitarian Aid Warning Israel",https://web.archive.org/web/20241016010359/https://www.bloomberg.com/europe
20241017,The Vietnamese Tycoon on Death Row,https://web.archive.org/web/20241016010359/https://www.bloomberg.com/europe
20241018,"Listen to the latest:Israel Discusses Iran Attack, Hedge Funds Bet Against EVs, More",https://web.archive.org/web/20241021090426/https://www.bloomberg.com/europe
20241019,"Listen to the latest:Israel Discusses Iran Attack, Hedge Funds Bet Against EVs, More",https://web.archive.org/web/20241021090426/https://www.bloomberg.com/europe
20241021,"Listen to the latest:Stocks Open Lower, Blinken to Middle East, More",https://web.archive.org/web/20241021153039/https://www.bloomberg.com/europe
20241022,"Listen to the latest:Tech Selloff Hits Stocks, Tesla Surges on 3Q Earnings, More",https://web.archive.org/web/20241023204640/https://www.bloomberg.com/europe
20241023,"Listen to the latest:Tech Selloff Hits Stocks, Tesla Surges on 3Q Earnings, More",https://web.archive.org/web/20241023204640/https://www.bloomberg.com/europe
20241025,Listen to the latest:Boeing Reportedly Considering Selling Its Space Business,https://web.archive.org/web/20241025164318/https://www.bloomberg.com/europe
20241029,"Listen to the latest:Harris Closing Arguments, Tech Earnings, More",https://web.archive.org/web/20241030002521/https://www.bloomberg.com/europe
20241030,"Listen to the latest:Possible Israel-Lebanon Ceasefire, Meta Earnings, More",https://web.archive.org/web/20241031011237/https://www.bloomberg.com/europe
20241102,"Listen to the latest:Hezbollah Operative Captured, Harris Lambastes Johnson, More",https://web.archive.org/web/20241102185743/https://www.bloomberg.com/europe
20241107,"Listen to the latest:Markets Mixed, Powell Not Stepping Down If Asked, More",https://web.archive.org/web/20241107214239/https://www.bloomberg.com/europe
20241109,"Listen to the latest:FEMA Fires Manager, Trump: No Haley or Pompeo, More",https://web.archive.org/web/20241110011727/https://www.bloomberg.com/europe
20241110,"Listen to the latest:Tuskegee Uni. Shooting Latest, Kashkari on Economy, More",https://web.archive.org/web/20241111014314/https://www.bloomberg.com/europe
20241111,"Listen to the latest:Stocks Break Records, Bitcoin Soars, More",https://web.archive.org/web/20241111220211/https://www.bloomberg.com/europe
20241115,Trump’s Shadow Looms Over ‘Finance COP’,https://web.archive.org/web/20241116003638/https://www.bloomberg.com/europe
20241115,"Listen to the latest:Trump Taps Leavitt, Goolsbee on Next Year’s Rates, More",https://web.archive.org/web/20241116003638/https://www.bloomberg.com/europe
20241115,Trump’s Shadow Looms Over ‘Finance COP’,https://web.archive.org/web/20241116003638/https://www.bloomberg.com/europe
20241117,Trump’s Shadow Looms Over ‘Finance COP’,https://web.archive.org/web/20241118002713/https://www.bloomberg.com/europe
20241117,"Listen to the latest:Biden Allows Ukraine Use of Weapons, Earnings This Week, More",https://web.archive.org/web/20241118002713/https://www.bloomberg.com/europe
20241117,Trump’s Shadow Looms Over ‘Finance COP’,https://web.archive.org/web/20241118002713/https://www.bloomberg.com/europe
20241118,"Listen to the latest:DOJ Asks Google to Sell Browser, Treasury Pick Shortlist, More",https://web.archive.org/web/20241119025445/https://www.bloomberg.com/europe
20241121,"As US Turns Inward, the World Order Realigns",https://web.archive.org/web/20241121222055/https://www.bloomberg.com/europe
20241121,"Listen to the latest:Bitcoin Aiming for $100K, Siri Getting an AI Upgrade, More",https://web.archive.org/web/20241121222055/https://www.bloomberg.com/europe
20241121,"As US Turns Inward, the World Order Realigns",https://web.archive.org/web/20241121222055/https://www.bloomberg.com/europe
20241123,New York City’s Battle Over Broker Fees,https://web.archive.org/web/20241123200555/https://www.bloomberg.com/europe
20241123,"Listen to the latest:Trump Expected to Choose Rollins, Bessent Gets Treasury, More",https://web.archive.org/web/20241123200555/https://www.bloomberg.com/europe
20241123,New York City’s Battle Over Broker Fees,https://web.archive.org/web/20241123200555/https://www.bloomberg.com/europe
20241124,New York City’s Battle Over Broker Fees,https://web.archive.org/web/20241124235151/https://www.bloomberg.com/europe
20241124,"Listen to the latest:Trump Transition Follow Up, Earnings Preview, More",https://web.archive.org/web/20241124235151/https://www.bloomberg.com/europe
20241124,New York City’s Battle Over Broker Fees,https://web.archive.org/web/20241124235151/https://www.bloomberg.com/europe
20241125,New York City’s Battle Over Broker Fees,https://web.archive.org/web/20241125225937/https://www.bloomberg.com/europe
20241125,"Listen to the latest:Jack Smith Moves to Dismiss Trump Cases, Zoom Earnings, More",https://web.archive.org/web/20241125225937/https://www.bloomberg.com/europe
20241125,New York City’s Battle Over Broker Fees,https://web.archive.org/web/20241125225937/https://www.bloomberg.com/europe
20241126,Why Wall Street Cheered Bessent,https://web.archive.org/web/20241127030714/https://www.bloomberg.com/europe
20241126,"Listen to the latest:Israel/Hezbollah Ceasefire in Effect, Latest Trump Picks, More",https://web.archive.org/web/20241127030714/https://www.bloomberg.com/europe
20241126,Why Wall Street Cheered Bessent,https://web.archive.org/web/20241127030714/https://www.bloomberg.com/europe
20241128,Sports Betting Is Changing the NFL,https://web.archive.org/web/20241129054115/https://www.bloomberg.com/europe
20241128,"Listen to the latest:Aussie Ban on Teen Social Media, Alphabet Sued by Canada, More",https://web.archive.org/web/20241129054115/https://www.bloomberg.com/europe
20241128,Sports Betting Is Changing the NFL,https://web.archive.org/web/20241129054115/https://www.bloomberg.com/europe
20241129,Sports Betting Is Changing the NFL,https://web.archive.org/web/20241129054115/https://www.bloomberg.com/europe
20241129,"Listen to the latest:Aussie Ban on Teen Social Media, Alphabet Sued by Canada, More",https://web.archive.org/web/20241129054115/https://www.bloomberg.com/europe
20241129,Sports Betting Is Changing the NFL,https://web.archive.org/web/20241129054115/https://www.bloomberg.com/europe
20241130,How Airlines Cash in on ‘Premiumization’,https://web.archive.org/web/20241201024051/https://www.bloomberg.com/europe
20241130,"Listen to the latest:Kash Patel for FBI, Charles Kushner for French Ambassador, More",https://web.archive.org/web/20241201024051/https://www.bloomberg.com/europe
20241130,How Airlines Cash in on ‘Premiumization’,https://web.archive.org/web/20241201024051/https://www.bloomberg.com/europe
20241201,How Airlines Cash in on ‘Premiumization’,https://web.archive.org/web/20241201024051/https://www.bloomberg.com/europe
20241201,"Listen to the latest:Kash Patel for FBI, Charles Kushner for French Ambassador, More",https://web.archive.org/web/20241201024051/https://www.bloomberg.com/europe
20241201,How Airlines Cash in on ‘Premiumization’,https://web.archive.org/web/20241201024051/https://www.bloomberg.com/europe
20241203,"Listen to the latest:Macron Says Gov Can Survive Vote, South Korea in Limbo, More",https://web.archive.org/web/20241203183413/https://www.bloomberg.com/europe
20241204,The Rise of Stock Buybacks,https://web.archive.org/web/20241204155218/https://www.bloomberg.com/europe
20241204,"Listen to the latest:UnitedHealth Exec Killed, Hegseth Says He Won't Quit, More",https://web.archive.org/web/20241204155218/https://www.bloomberg.com/europe
20241204,The Rise of Stock Buybacks,https://web.archive.org/web/20241204155218/https://www.bloomberg.com/europe
20241208,What CEOs Want From Trump,https://web.archive.org/web/20241208163531/https://www.bloomberg.com/europe
20241208,"Listen to the latest:Trump Has No Plans to Fire Powell, Israel in Syria, More",https://web.archive.org/web/20241208163531/https://www.bloomberg.com/europe
20241208,What CEOs Want From Trump,https://web.archive.org/web/20241208163531/https://www.bloomberg.com/europe
20241214,The Human Egg Trade: Episode 1 - The Lie,https://web.archive.org/web/20241214174941/https://www.bloomberg.com/europe
20241214,"Listen to the latest:Trump Eyes Privatizing Post Office, Bank Merger Talks, More",https://web.archive.org/web/20241214174941/https://www.bloomberg.com/europe
20241214,The Human Egg Trade: Episode 1 - The Lie,https://web.archive.org/web/20241214174941/https://www.bloomberg.com/europe
20241215,The Human Egg Trade: Episode 1 - The Lie,https://web.archive.org/web/20241216012957/https://www.bloomberg.com/europe
20241215,"Listen to the latest:Biden Holiday Address, Mayorkas on Drone Concerns, More",https://web.archive.org/web/20241216012957/https://www.bloomberg.com/europe
20241215,The Human Egg Trade: Episode 1 - The Lie,https://web.archive.org/web/20241216012957/https://www.bloomberg.com/europe
20241216,"Listen to the latest:Judge Denies to Toss Trump Hush Money, SoftBank Investment, More",https://web.archive.org/web/20241217051044/https://www.bloomberg.com/europe
20241218,"Listen to the latest:Supreme Court to Hear TikTok, Reports: Gaetz Ethics U-Turn, More",https://web.archive.org/web/20241218163543/https://www.bloomberg.com/europe
20241219,Why China’s Housing Rescue Is Failing,https://web.archive.org/web/20241219184057/https://www.bloomberg.com/europe
20241219,"Listen to the latest:Federal Charges For Mangione, Gov Shutdown Looms, More",https://web.archive.org/web/20241219184057/https://www.bloomberg.com/europe
20241219,Why China’s Housing Rescue Is Failing,https://web.archive.org/web/20241219184057/https://www.bloomberg.com/europe
20241220,Why China’s Housing Rescue Is Failing,https://web.archive.org/web/20241219184057/https://www.bloomberg.com/europe
20241220,"Listen to the latest:Federal Charges For Mangione, Gov Shutdown Looms, More",https://web.archive.org/web/20241219184057/https://www.bloomberg.com/europe
20241220,Why China’s Housing Rescue Is Failing,https://web.archive.org/web/20241219184057/https://www.bloomberg.com/europe
20241224,Weight-Loss Drug Boom’s Prescription Problem,https://web.archive.org/web/20241225044357/https://www.bloomberg.com/europe
20241224,"Listen to the latest:PBOC Holds MLF Steady, Bank Groups Sue Over Stress Test, More",https://web.archive.org/web/20241225044357/https://www.bloomberg.com/europe
20241224,Weight-Loss Drug Boom’s Prescription Problem,https://web.archive.org/web/20241225044357/https://www.bloomberg.com/europe
20241225,Weight-Loss Drug Boom’s Prescription Problem,https://web.archive.org/web/20241225044357/https://www.bloomberg.com/europe
20241225,"Listen to the latest:PBOC Holds MLF Steady, Bank Groups Sue Over Stress Test, More",https://web.archive.org/web/20241225044357/https://www.bloomberg.com/europe
20241225,Weight-Loss Drug Boom’s Prescription Problem,https://web.archive.org/web/20241225044357/https://www.bloomberg.com/europe
20241227,Weight-Loss Drug Boom’s Prescription Problem,https://web.archive.org/web/20241225044357/https://www.bloomberg.com/europe
20241227,"Listen to the latest:PBOC Holds MLF Steady, Bank Groups Sue Over Stress Test, More",https://web.archive.org/web/20241225044357/https://www.bloomberg.com/europe
20241227,Weight-Loss Drug Boom’s Prescription Problem,https://web.archive.org/web/20241225044357/https://www.bloomberg.com/europe
20241228,Weight-Loss Drug Boom’s Prescription Problem,https://web.archive.org/web/20241225044357/https://www.bloomberg.com/europe
20241228,"Listen to the latest:PBOC Holds MLF Steady, Bank Groups Sue Over Stress Test, More",https://web.archive.org/web/20241225044357/https://www.bloomberg.com/europe
20241228,Weight-Loss Drug Boom’s Prescription Problem,https://web.archive.org/web/20241225044357/https://www.bloomberg.com/europe
20241229,The Year AI Broke Into Music,https://web.archive.org/web/20250102035656/https://www.bloomberg.com/europe
20241229,"Listen to the latest:New Orleans Attack, Biden Speaks, Musk on Vegas, More",https://web.archive.org/web/20250102035656/https://www.bloomberg.com/europe
20241229,The Year AI Broke Into Music,https://web.archive.org/web/20250102035656/https://www.bloomberg.com/europe
20241230,The Year AI Broke Into Music,https://web.archive.org/web/20250102035656/https://www.bloomberg.com/europe
20241230,"Listen to the latest:New Orleans Attack, Biden Speaks, Musk on Vegas, More",https://web.archive.org/web/20250102035656/https://www.bloomberg.com/europe
20241230,The Year AI Broke Into Music,https://web.archive.org/web/20250102035656/https://www.bloomberg.com/europe
